[{"uid":"8c6f4c35384d556d","name":"外卖任务详情","time":{"start":1694686054097,"stop":1694686054499,"duration":402},"status":"passed","severity":"blocker"},{"uid":"13cc7a163732e75a","name":"外卖任务修改","time":{"start":1694686054563,"stop":1694686055028,"duration":465},"status":"passed","severity":"blocker"},{"uid":"2b0ffa8a1e6f8695","name":"外卖注册","time":{"start":1694686050977,"stop":1694686052757,"duration":1780},"status":"passed","severity":"blocker"},{"uid":"d7ed88d14959251e","name":"外卖任务查询","time":{"start":1694686053690,"stop":1694686054078,"duration":388},"status":"passed","severity":"blocker"},{"uid":"ab6b754452a35dea","name":"外卖任务删除","time":{"start":1694686055046,"stop":1694686055390,"duration":344},"status":"passed","severity":"blocker"},{"uid":"2722e20951b0ae92","name":"外卖任务创建","time":{"start":1694686053332,"stop":1694686053669,"duration":337},"status":"passed","severity":"blocker"},{"uid":"b5542150d4f8270","name":"外卖登录","time":{"start":1694686052773,"stop":1694686053315,"duration":542},"status":"passed","severity":"blocker"}]