"Epic","Feature","Story","FAILED","BROKEN","PASSED","SKIPPED","UNKNOWN"
"S01_外卖项目","M01_外卖模块","C05_外卖任务详情","0","0","1","0","0"
"S01_外卖项目","M01_外卖模块","C06_外卖任务修改","0","0","1","0","0"
"S01_外卖项目","M01_外卖模块","C01_外卖注册","0","0","1","0","0"
"S01_外卖项目","M01_外卖模块","C04_外卖任务查询","0","0","1","0","0"
"S01_外卖项目","M01_外卖模块","C07_外卖任务删除","0","0","1","0","0"
"S01_外卖项目","M01_外卖模块","C03_外卖任务创建","0","0","1","0","0"
"S01_外卖项目","M01_外卖模块","C02_外卖登录","0","0","1","0","0"
