{"uid":"b1a8273437954620fa374b796ffaacdd","name":"behaviors","children":[{"name":"S01_外卖项目","children":[{"name":"M01_外卖模块","children":[{"name":"C01_外卖注册","children":[{"name":"外卖注册","uid":"2b0ffa8a1e6f8695","parentUid":"603eade2df00e6b4858374c57c97832b","status":"passed","time":{"start":1694686050977,"stop":1694686052757,"duration":1780},"flaky":false,"newFailed":false,"newPassed":false,"newBroken":false,"retriesCount":0,"retriesStatusChange":false,"parameters":["{'name': '外卖注册', 'base_url': '${get_base_url(base_takeaway_url)}', 'request': {'method': 'post', 'url': '/rest-v2/login/sign_up', 'headers': None, 'json': {'password': '12345678', 'email': '${get_random_number(10000000,99999999)}@qq.com'}}, 'validate': [{'contains': 'create_datetime'}]}"],"tags":["run(order=1)"]}],"uid":"603eade2df00e6b4858374c57c97832b"},{"name":"C02_外卖登录","children":[{"name":"外卖登录","uid":"b5542150d4f8270","parentUid":"67a60e0025034d76ca4b178632f2a717","status":"passed","time":{"start":1694686052773,"stop":1694686053315,"duration":542},"flaky":false,"newFailed":false,"newPassed":false,"newBroken":false,"retriesCount":0,"retriesStatusChange":false,"parameters":["{'name': '外卖登录', 'base_url': '${get_base_url(base_takeaway_url)}', 'request': {'method': 'post', 'url': '/rest-v2/login/access_token', 'headers': None, 'json': {'password': '12345678', 'email': '1144961647@qq.com'}}, 'extract': {'token': '\"access_token\":\"(.*?)\"'}, 'validate': [{'contains': 'access_token'}]}"],"tags":["run(order=2)"]}],"uid":"67a60e0025034d76ca4b178632f2a717"},{"name":"C03_外卖任务创建","children":[{"name":"外卖任务创建","uid":"2722e20951b0ae92","parentUid":"1447b32541e51bf1d2a6e118a14029bb","status":"passed","time":{"start":1694686053332,"stop":1694686053669,"duration":337},"flaky":false,"newFailed":false,"newPassed":false,"newBroken":false,"retriesCount":0,"retriesStatusChange":false,"parameters":["{'name': '外卖任务创建', 'base_url': '${get_base_url(base_takeaway_url)}', 'request': {'method': 'post', 'url': '/rest-v2/todo', 'headers': {'Content-Type': 'application/json', 'Authorization': 'Bearer ${get_extract_data(token)}'}, 'json': {'title': 'null', 'is_done': False}}, 'extract': {'todo_id': 'id'}, 'validate': [{'contains': 'id'}]}"],"tags":["run(order=3)"]}],"uid":"1447b32541e51bf1d2a6e118a14029bb"},{"name":"C04_外卖任务查询","children":[{"name":"外卖任务查询","uid":"d7ed88d14959251e","parentUid":"a5cece24edcc2e62cebcffdd50a2c5c6","status":"passed","time":{"start":1694686053690,"stop":1694686054078,"duration":388},"flaky":false,"newFailed":false,"newPassed":false,"newBroken":false,"retriesCount":0,"retriesStatusChange":false,"parameters":["{'name': '外卖任务查询', 'base_url': '${get_base_url(base_takeaway_url)}', 'request': {'method': 'get', 'url': '/rest-v2/todo', 'headers': {'Content-Type': 'application/json', 'Authorization': 'Bearer ${get_extract_data(token)}'}}, 'validate': [{'contains': 'items'}]}"],"tags":["run(order=4)"]}],"uid":"a5cece24edcc2e62cebcffdd50a2c5c6"},{"name":"C05_外卖任务详情","children":[{"name":"外卖任务详情","uid":"8c6f4c35384d556d","parentUid":"6d10d6f98c667dce95376d7361b7d564","status":"passed","time":{"start":1694686054097,"stop":1694686054499,"duration":402},"flaky":false,"newFailed":false,"newPassed":false,"newBroken":false,"retriesCount":0,"retriesStatusChange":false,"parameters":["{'name': '外卖任务详情', 'base_url': '${get_base_url(base_takeaway_url)}', 'request': {'method': 'get', 'url': '/rest-v2/todo', 'headers': {'Content-Type': 'application/json', 'Authorization': 'Bearer ${get_extract_data(token)}'}, 'params': {'todo_id': '${get_extract_data(todo_id)}'}}, 'validate': [{'contains': 'id'}]}"],"tags":["run(order=5)"]}],"uid":"6d10d6f98c667dce95376d7361b7d564"},{"name":"C06_外卖任务修改","children":[{"name":"外卖任务修改","uid":"13cc7a163732e75a","parentUid":"27e47bf8281e0b558fb2b6cbf0cd94b1","status":"passed","time":{"start":1694686054563,"stop":1694686055028,"duration":465},"flaky":false,"newFailed":false,"newPassed":false,"newBroken":false,"retriesCount":0,"retriesStatusChange":false,"parameters":["{'name': '外卖任务修改', 'base_url': '${get_base_url(base_takeaway_url)}', 'request': {'method': 'put', 'url': '/rest-v2/todo/todo_id=${get_extract_data(todo_id)}', 'headers': {'Content-Type': 'application/json', 'Authorization': 'Bearer ${get_extract_data(token)}'}, 'json': {'title': 'null', 'is_done': False}}, 'validate': [{'contains': 'id'}]}"],"tags":["run(order=6)"]}],"uid":"27e47bf8281e0b558fb2b6cbf0cd94b1"},{"name":"C07_外卖任务删除","children":[{"name":"外卖任务删除","uid":"ab6b754452a35dea","parentUid":"093b3d3114004bcfa76733d49f4b6dd9","status":"passed","time":{"start":1694686055046,"stop":1694686055390,"duration":344},"flaky":false,"newFailed":false,"newPassed":false,"newBroken":false,"retriesCount":0,"retriesStatusChange":false,"parameters":["{'name': '外卖任务删除', 'base_url': '${get_base_url(base_takeaway_url)}', 'request': {'method': 'delete', 'url': '/rest-v2/todo', 'headers': {'Content-Type': 'application/json', 'Authorization': 'Bearer ${get_extract_data(token)}'}, 'data': {'todo_id': '${get_extract_data(todo_id)}'}}, 'validate': [{'contains': 'detail'}]}"],"tags":["run(order=7)"]}],"uid":"093b3d3114004bcfa76733d49f4b6dd9"}],"uid":"d7cc1a0e36d8ced40a3160e49d94036f"}],"uid":"a75a7b215729cf2149ecece7f228c46b"}]}