{"uid":"98d3104e051c652961429bf95fa0b5d6","name":"suites","children":[{"name":"testcases.takeaway","children":[{"name":"test_takeaway","children":[{"name":"TestTakeaway","children":[{"name":"外卖注册","uid":"2b0ffa8a1e6f8695","parentUid":"9f80c62213e354d5e35d262b4bd16fed","status":"passed","time":{"start":1694686050977,"stop":1694686052757,"duration":1780},"flaky":false,"newFailed":false,"newPassed":false,"newBroken":false,"retriesCount":0,"retriesStatusChange":false,"parameters":["{'name': '外卖注册', 'base_url': '${get_base_url(base_takeaway_url)}', 'request': {'method': 'post', 'url': '/rest-v2/login/sign_up', 'headers': None, 'json': {'password': '12345678', 'email': '${get_random_number(10000000,99999999)}@qq.com'}}, 'validate': [{'contains': 'create_datetime'}]}"],"tags":["run(order=1)"]},{"name":"外卖登录","uid":"b5542150d4f8270","parentUid":"9f80c62213e354d5e35d262b4bd16fed","status":"passed","time":{"start":1694686052773,"stop":1694686053315,"duration":542},"flaky":false,"newFailed":false,"newPassed":false,"newBroken":false,"retriesCount":0,"retriesStatusChange":false,"parameters":["{'name': '外卖登录', 'base_url': '${get_base_url(base_takeaway_url)}', 'request': {'method': 'post', 'url': '/rest-v2/login/access_token', 'headers': None, 'json': {'password': '12345678', 'email': '1144961647@qq.com'}}, 'extract': {'token': '\"access_token\":\"(.*?)\"'}, 'validate': [{'contains': 'access_token'}]}"],"tags":["run(order=2)"]},{"name":"外卖任务创建","uid":"2722e20951b0ae92","parentUid":"9f80c62213e354d5e35d262b4bd16fed","status":"passed","time":{"start":1694686053332,"stop":1694686053669,"duration":337},"flaky":false,"newFailed":false,"newPassed":false,"newBroken":false,"retriesCount":0,"retriesStatusChange":false,"parameters":["{'name': '外卖任务创建', 'base_url': '${get_base_url(base_takeaway_url)}', 'request': {'method': 'post', 'url': '/rest-v2/todo', 'headers': {'Content-Type': 'application/json', 'Authorization': 'Bearer ${get_extract_data(token)}'}, 'json': {'title': 'null', 'is_done': False}}, 'extract': {'todo_id': 'id'}, 'validate': [{'contains': 'id'}]}"],"tags":["run(order=3)"]},{"name":"外卖任务查询","uid":"d7ed88d14959251e","parentUid":"9f80c62213e354d5e35d262b4bd16fed","status":"passed","time":{"start":1694686053690,"stop":1694686054078,"duration":388},"flaky":false,"newFailed":false,"newPassed":false,"newBroken":false,"retriesCount":0,"retriesStatusChange":false,"parameters":["{'name': '外卖任务查询', 'base_url': '${get_base_url(base_takeaway_url)}', 'request': {'method': 'get', 'url': '/rest-v2/todo', 'headers': {'Content-Type': 'application/json', 'Authorization': 'Bearer ${get_extract_data(token)}'}}, 'validate': [{'contains': 'items'}]}"],"tags":["run(order=4)"]},{"name":"外卖任务详情","uid":"8c6f4c35384d556d","parentUid":"9f80c62213e354d5e35d262b4bd16fed","status":"passed","time":{"start":1694686054097,"stop":1694686054499,"duration":402},"flaky":false,"newFailed":false,"newPassed":false,"newBroken":false,"retriesCount":0,"retriesStatusChange":false,"parameters":["{'name': '外卖任务详情', 'base_url': '${get_base_url(base_takeaway_url)}', 'request': {'method': 'get', 'url': '/rest-v2/todo', 'headers': {'Content-Type': 'application/json', 'Authorization': 'Bearer ${get_extract_data(token)}'}, 'params': {'todo_id': '${get_extract_data(todo_id)}'}}, 'validate': [{'contains': 'id'}]}"],"tags":["run(order=5)"]},{"name":"外卖任务修改","uid":"13cc7a163732e75a","parentUid":"9f80c62213e354d5e35d262b4bd16fed","status":"passed","time":{"start":1694686054563,"stop":1694686055028,"duration":465},"flaky":false,"newFailed":false,"newPassed":false,"newBroken":false,"retriesCount":0,"retriesStatusChange":false,"parameters":["{'name': '外卖任务修改', 'base_url': '${get_base_url(base_takeaway_url)}', 'request': {'method': 'put', 'url': '/rest-v2/todo/todo_id=${get_extract_data(todo_id)}', 'headers': {'Content-Type': 'application/json', 'Authorization': 'Bearer ${get_extract_data(token)}'}, 'json': {'title': 'null', 'is_done': False}}, 'validate': [{'contains': 'id'}]}"],"tags":["run(order=6)"]},{"name":"外卖任务删除","uid":"ab6b754452a35dea","parentUid":"9f80c62213e354d5e35d262b4bd16fed","status":"passed","time":{"start":1694686055046,"stop":1694686055390,"duration":344},"flaky":false,"newFailed":false,"newPassed":false,"newBroken":false,"retriesCount":0,"retriesStatusChange":false,"parameters":["{'name': '外卖任务删除', 'base_url': '${get_base_url(base_takeaway_url)}', 'request': {'method': 'delete', 'url': '/rest-v2/todo', 'headers': {'Content-Type': 'application/json', 'Authorization': 'Bearer ${get_extract_data(token)}'}, 'data': {'todo_id': '${get_extract_data(todo_id)}'}}, 'validate': [{'contains': 'detail'}]}"],"tags":["run(order=7)"]}],"uid":"9f80c62213e354d5e35d262b4bd16fed"}],"uid":"010e2454c63f60af46182e6c677b4566"}],"uid":"49abbc3cba0ecb80a7e6e32b9fcc7174"}]}