"Status","Start Time","Stop Time","Duration in ms","Parent Suite","Suite","Sub Suite","Test Class","Test Method","Name","Description"
"passed","Thu Sep 14 18:07:34 CST 2023","Thu Sep 14 18:07:34 CST 2023","402","testcases.takeaway","test_takeaway","TestTakeaway","","","外卖任务详情","外卖任务详情"
"passed","Thu Sep 14 18:07:34 CST 2023","Thu Sep 14 18:07:35 CST 2023","465","testcases.takeaway","test_takeaway","TestTakeaway","","","外卖任务修改","外卖任务修改"
"passed","Thu Sep 14 18:07:30 CST 2023","Thu Sep 14 18:07:32 CST 2023","1780","testcases.takeaway","test_takeaway","TestTakeaway","","","外卖注册","外卖注册"
"passed","Thu Sep 14 18:07:33 CST 2023","Thu Sep 14 18:07:34 CST 2023","388","testcases.takeaway","test_takeaway","TestTakeaway","","","外卖任务查询","外卖任务查询"
"passed","Thu Sep 14 18:07:35 CST 2023","Thu Sep 14 18:07:35 CST 2023","344","testcases.takeaway","test_takeaway","TestTakeaway","","","外卖任务删除","外卖任务删除"
"passed","Thu Sep 14 18:07:33 CST 2023","Thu Sep 14 18:07:33 CST 2023","337","testcases.takeaway","test_takeaway","TestTakeaway","","","外卖任务创建","外卖任务创建"
"passed","Thu Sep 14 18:07:32 CST 2023","Thu Sep 14 18:07:33 CST 2023","542","testcases.takeaway","test_takeaway","TestTakeaway","","","外卖登录","外卖登录"
