{"uid":"ab17fc5a4eb3bca4b216b548c7f9fcbc","name":"timeline","children":[{"name":"Albert","children":[{"name":"38208-MainThread","children":[{"name":"外卖注册","uid":"2b0ffa8a1e6f8695","parentUid":"b429c5fe85e92b32422c9236ee867020","status":"passed","time":{"start":1694686050977,"stop":1694686052757,"duration":1780},"flaky":false,"newFailed":false,"newPassed":false,"newBroken":false,"retriesCount":0,"retriesStatusChange":false,"parameters":["{'name': '外卖注册', 'base_url': '${get_base_url(base_takeaway_url)}', 'request': {'method': 'post', 'url': '/rest-v2/login/sign_up', 'headers': None, 'json': {'password': '12345678', 'email': '${get_random_number(10000000,99999999)}@qq.com'}}, 'validate': [{'contains': 'create_datetime'}]}"],"tags":["run(order=1)"]},{"name":"外卖任务查询","uid":"d7ed88d14959251e","parentUid":"b429c5fe85e92b32422c9236ee867020","status":"passed","time":{"start":1694686053690,"stop":1694686054078,"duration":388},"flaky":false,"newFailed":false,"newPassed":false,"newBroken":false,"retriesCount":0,"retriesStatusChange":false,"parameters":["{'name': '外卖任务查询', 'base_url': '${get_base_url(base_takeaway_url)}', 'request': {'method': 'get', 'url': '/rest-v2/todo', 'headers': {'Content-Type': 'application/json', 'Authorization': 'Bearer ${get_extract_data(token)}'}}, 'validate': [{'contains': 'items'}]}"],"tags":["run(order=4)"]},{"name":"外卖任务详情","uid":"8c6f4c35384d556d","parentUid":"b429c5fe85e92b32422c9236ee867020","status":"passed","time":{"start":1694686054097,"stop":1694686054499,"duration":402},"flaky":false,"newFailed":false,"newPassed":false,"newBroken":false,"retriesCount":0,"retriesStatusChange":false,"parameters":["{'name': '外卖任务详情', 'base_url': '${get_base_url(base_takeaway_url)}', 'request': {'method': 'get', 'url': '/rest-v2/todo', 'headers': {'Content-Type': 'application/json', 'Authorization': 'Bearer ${get_extract_data(token)}'}, 'params': {'todo_id': '${get_extract_data(todo_id)}'}}, 'validate': [{'contains': 'id'}]}"],"tags":["run(order=5)"]},{"name":"外卖任务创建","uid":"2722e20951b0ae92","parentUid":"b429c5fe85e92b32422c9236ee867020","status":"passed","time":{"start":1694686053332,"stop":1694686053669,"duration":337},"flaky":false,"newFailed":false,"newPassed":false,"newBroken":false,"retriesCount":0,"retriesStatusChange":false,"parameters":["{'name': '外卖任务创建', 'base_url': '${get_base_url(base_takeaway_url)}', 'request': {'method': 'post', 'url': '/rest-v2/todo', 'headers': {'Content-Type': 'application/json', 'Authorization': 'Bearer ${get_extract_data(token)}'}, 'json': {'title': 'null', 'is_done': False}}, 'extract': {'todo_id': 'id'}, 'validate': [{'contains': 'id'}]}"],"tags":["run(order=3)"]},{"name":"外卖登录","uid":"b5542150d4f8270","parentUid":"b429c5fe85e92b32422c9236ee867020","status":"passed","time":{"start":1694686052773,"stop":1694686053315,"duration":542},"flaky":false,"newFailed":false,"newPassed":false,"newBroken":false,"retriesCount":0,"retriesStatusChange":false,"parameters":["{'name': '外卖登录', 'base_url': '${get_base_url(base_takeaway_url)}', 'request': {'method': 'post', 'url': '/rest-v2/login/access_token', 'headers': None, 'json': {'password': '12345678', 'email': '1144961647@qq.com'}}, 'extract': {'token': '\"access_token\":\"(.*?)\"'}, 'validate': [{'contains': 'access_token'}]}"],"tags":["run(order=2)"]},{"name":"外卖任务删除","uid":"ab6b754452a35dea","parentUid":"b429c5fe85e92b32422c9236ee867020","status":"passed","time":{"start":1694686055046,"stop":1694686055390,"duration":344},"flaky":false,"newFailed":false,"newPassed":false,"newBroken":false,"retriesCount":0,"retriesStatusChange":false,"parameters":["{'name': '外卖任务删除', 'base_url': '${get_base_url(base_takeaway_url)}', 'request': {'method': 'delete', 'url': '/rest-v2/todo', 'headers': {'Content-Type': 'application/json', 'Authorization': 'Bearer ${get_extract_data(token)}'}, 'data': {'todo_id': '${get_extract_data(todo_id)}'}}, 'validate': [{'contains': 'detail'}]}"],"tags":["run(order=7)"]},{"name":"外卖任务修改","uid":"13cc7a163732e75a","parentUid":"b429c5fe85e92b32422c9236ee867020","status":"passed","time":{"start":1694686054563,"stop":1694686055028,"duration":465},"flaky":false,"newFailed":false,"newPassed":false,"newBroken":false,"retriesCount":0,"retriesStatusChange":false,"parameters":["{'name': '外卖任务修改', 'base_url': '${get_base_url(base_takeaway_url)}', 'request': {'method': 'put', 'url': '/rest-v2/todo/todo_id=${get_extract_data(todo_id)}', 'headers': {'Content-Type': 'application/json', 'Authorization': 'Bearer ${get_extract_data(token)}'}, 'json': {'title': 'null', 'is_done': False}}, 'validate': [{'contains': 'id'}]}"],"tags":["run(order=6)"]}],"uid":"b429c5fe85e92b32422c9236ee867020"}],"uid":"7b281810d7b09756be422981e830d6a7"}]}