{"6db2624146536fd0e481738bc0eac159":{"statistic":{"failed":0,"broken":0,"skipped":0,"passed":1,"unknown":0,"total":1},"items":[{"uid":"ab6b754452a35dea","status":"passed","time":{"start":1694686055046,"stop":1694686055390,"duration":344}}]},"2d13e20004f28c74c3f08981ab278a39":{"statistic":{"failed":0,"broken":0,"skipped":0,"passed":1,"unknown":0,"total":1},"items":[{"uid":"b5542150d4f8270","status":"passed","time":{"start":1694686052773,"stop":1694686053315,"duration":542}}]},"1a93be0a3d5ddcf6b02cf020e6956ec7":{"statistic":{"failed":0,"broken":0,"skipped":0,"passed":1,"unknown":0,"total":1},"items":[{"uid":"2b0ffa8a1e6f8695","status":"passed","time":{"start":1694686050977,"stop":1694686052757,"duration":1780}}]},"11fd12a9905952c80265237ea3110b89":{"statistic":{"failed":0,"broken":0,"skipped":0,"passed":1,"unknown":0,"total":1},"items":[{"uid":"8c6f4c35384d556d","status":"passed","time":{"start":1694686054097,"stop":1694686054499,"duration":402}}]},"baba5adb828c24b49dc43767e1745587":{"statistic":{"failed":0,"broken":0,"skipped":0,"passed":1,"unknown":0,"total":1},"items":[{"uid":"2722e20951b0ae92","status":"passed","time":{"start":1694686053332,"stop":1694686053669,"duration":337}}]},"cb4a498d6502398f5dc08fa2146c08f8":{"statistic":{"failed":0,"broken":0,"skipped":0,"passed":1,"unknown":0,"total":1},"items":[{"uid":"d7ed88d14959251e","status":"passed","time":{"start":1694686053690,"stop":1694686054078,"duration":388}}]},"ac81dbd478406815366a96505e91e2ff":{"statistic":{"failed":0,"broken":0,"skipped":0,"passed":1,"unknown":0,"total":1},"items":[{"uid":"13cc7a163732e75a","status":"passed","time":{"start":1694686054563,"stop":1694686055028,"duration":465}}]}}